protocol,base,fine_tuned,delta
adversarial,0.10622914135456085,0.5483871102333069,0.44215796887874603
standard,0.9417211413383484,0.9656862616539001,0.023965120315551758
